id,first_name,last_name,gender,race,university,country
1,Ruthie,Traves,Female,Bolivian,Universidad Politécnica de El Salvador,El Salvador
2,Dante,Mohring,Male,Cree,Mamoun Private University for Science and Technology,Syria
3,Woody,Riccetti,Male,Cree,Technical University of Opole,Poland
4,Kip,Aughton,Male,Panamanian,Universidade de Lisboa,Portugal
5,Tamqrah,Eddie,Female,Apache,Universidad Marcelino Champagnat,Peru
6,Alfons,Wozencroft,Male,Venezuelan,Universidad de Antioquía,Colombia
7,Agneta,Barniss,Female,Cheyenne,University of Patras,Greece
8,Thomasin,Thorburn,Female,Guatemalan,Umea University,Sweden
9,Virgilio,Tomaskunas,Male,Tohono O'Odham,Jissen Women's University,Japan
10,Danie,Matevushev,Male,Iroquois,Universidad Obrera de Mexico,Mexico
11,Tobiah,Perigeaux,Male,Mexican,University of the Humanities,Mongolia
12,Dasya,Ortner,Female,Filipino,Heilongjiang August 1st Reclamation University,China
13,Alair,Gainor,Male,Tongan,Institute of Commerce and Business,Mongolia
14,Alyosha,Bassett,Male,Chippewa,Nizhny Novgorod State Technical University,Russia
15,Reidar,McKeaveney,Male,Crow,Chiang Mai University,Thailand
16,Carlina,Aspel,Female,Crow,Universidad Mariano Gálvez,Guatemala
17,Gelya,Brakespear,Female,Uruguayan,Universitas Krisnadwipayana,Indonesia
18,Erl,Airth,Male,Venezuelan,Ukrainian Academy of Banking,Ukraine
19,Jacqui,Kiddie,Female,Melanesian,Université de Versailles Saint-Quentin-en-Yvelines,France
20,Torrie,Glancy,Female,Puerto Rican,New Era University,Philippines
21,Jaquelyn,Lages,Genderqueer,Guamanian,Universidad de Cartagena,Colombia
22,Milty,Grigorini,Male,American Indian and Alaska Native (AIAN),"Universidad CAECE, Buenos Aires",Argentina
23,Bay,Ell,Male,Apache,Chongqing University of Communications,China
24,Hank,Rumsby,Bigender,Delaware,Chongqing Three Gorges University,China
25,Chaunce,Crush,Male,Potawatomi,Tianjin University,China
26,Yank,Mayer,Male,Alaskan Athabascan,Palestine Technical College-Dier Elbalah,Palestinian Territory
27,Felicio,Sextie,Male,Aleut,Universidad del Valle de Guatemala,Guatemala
28,Chiarra,Dossettor,Female,Navajo,Université Paris Nanterre (Paris X),France
29,Lynde,Manton,Female,Chamorro,Kuzbass State Technical University,Russia
30,Stacy,Elsip,Male,Blackfeet,Universidad Valle del Momboy,Venezuela
31,Llewellyn,Tunsley,Male,Panamanian,University of Warsaw,Poland
32,Roze,Pallas,Female,Uruguayan,Université de Ouagadougou,Burkina Faso
33,Berte,Toby,Female,Salvadoran,Tongji University,China
34,Austin,Yegorev,Male,Sioux,Technical University of Lublin,Poland
35,Kelby,Caulfield,Male,Eskimo,China Pharmaceutical University Nanjing,China
36,Pammi,Ramet,Female,Latin American Indian,Mid-Sweden University,Sweden
37,Karoly,Raftery,Male,Sioux,Shanghai University of Finance and Economics,China
38,Obediah,Kleynermans,Male,Crow,Universidade Camilo Castelo Branco,Brazil
39,Neile,Geroldi,Female,Aleut,Instituto Superior de Ciências Empresariais e de Turismo,Portugal
40,Olav,Eteen,Male,Venezuelan,Southwestern University,Philippines
41,Marie-jeanne,Eakens,Female,Argentinian,Universitas Negeri Surabaya,Indonesia
42,Di,Balazin,Female,Cheyenne,Sahmyook University,South Korea
43,Arlene,Normanvell,Female,Melanesian,Zhengzhou Grain University,China
44,Benedikta,Housbey,Female,Navajo,Adamson University,Philippines
45,Marilin,Gohier,Female,Iroquois,University of the Humanities,Mongolia
46,Maria,McGoon,Female,Guatemalan,Hebei United University,China
47,Ainslie,Colthurst,Female,Blackfeet,American College of Thessaloniki,Greece
48,Cam,Handslip,Male,Guamanian,Charles University Prague,Czech Republic
49,Mechelle,Geibel,Female,Houma,Pontifícia Universidade Católica do Rio Grande do Sul,Brazil
50,Madeline,Marcussen,Female,Indonesian,Mesa State College,United States
51,Ware,Beveredge,Male,Fijian,Chicago State University,United States
52,Valentina,Reid,Female,Salvadoran,Palawan State University,Philippines
53,Lars,Doogan,Male,Pueblo,Ateneo de Davao University,Philippines
54,Antony,Woolforde,Male,Cree,Sichuan Normal University,China
55,Sibbie,Steanson,Female,Tlingit-Haida,University of the Philippines Los Banos,Philippines
56,Gabbey,Witherden,Female,Costa Rican,Massey University,New Zealand
57,Lynne,Warland,Female,Chippewa,Lipeck State Technical University,Russia
58,Monique,Yes,Female,Pueblo,Universitas Nasional Jakarta,Indonesia
59,Tab,Allston,Male,Cuban,Northeast Forest University,China
60,Xavier,Hissett,Male,Menominee,Universitas Islam Malang,Indonesia
61,Felic,Dudney,Genderqueer,Ecuadorian,Universidade do Amazonas,Brazil
62,Gun,Darwen,Male,Native Hawaiian,Universidad Motolinía del Pedegral,Mexico
63,Chance,Bissiker,Non-binary,Pakistani,Northeast Forest University,China
64,Guthrie,Astill,Male,Samoan,Ecole Nationale Supérieur de Mécaniques et des Microtechniques,France
65,Mikaela,Nehls,Female,Hmong,Sichuan International Studies University,China
66,Rosmunda,Tidbold,Polygender,Hmong,Universitas Muhammadiyah Jember,Indonesia
67,Jeane,Bassick,Female,Guamanian,"COMSATS Institute of Information Technology, Abbottabad",Pakistan
68,Curcio,Talbot,Genderqueer,South American,Zhengzhou Grain University,China
69,Westbrooke,Batter,Male,Yakama,Beijing Polytechnic University,China
70,Natalya,Trelevan,Female,Menominee,Al-Farabi Kazakh National University,Kazakhstan
71,Alfy,Lockton,Male,Choctaw,Universidad de Montevideo,Uruguay
72,Fernande,Reilly,Female,Paiute,National University,Philippines
73,Rockie,Botterill,Male,Costa Rican,Universitas Muhammadiyah Surakarta,Indonesia
74,Jewell,Lamberteschi,Female,Honduran,Lampang College of Commerce and Technology,Thailand
75,Susy,Meffan,Female,Comanche,Tiraspol State University,Moldova
76,Hasty,Serris,Male,Hmong,Tianjin Polytechnic University,China
77,Randie,Barabisch,Female,Black or African American,Universitas Nasional Pasim,Indonesia
78,Tedd,Gossop,Male,Navajo,Universitas Nusa Cendana,Indonesia
79,Orelle,Foort,Female,Puerto Rican,University College of Kristianstad,Sweden
80,Mikol,Earney,Male,Bolivian,Zhanjiang Ocean University,China
81,Michele,Bachellier,Female,Choctaw,St. Petersburg State University of Technology and Design,Russia
82,Carleton,Peachey,Male,American Indian and Alaska Native (AIAN),Ukhta State Technical University,Russia
83,Gabie,Bursell,Male,Shoshone,Universidade Bandeirante de São Paulo,Brazil
84,Rosana,Girodon,Non-binary,Bangladeshi,Ecole Nationale Supérieure des Industries Textiles de Mulhouse,France
85,Barbi,Brandino,Female,Black or African American,Iwate University,Japan
86,Cobbie,Willgrass,Male,Navajo,"Instituto de Artes Visuais, Design e Marketing - IADE",Portugal
87,Lindsey,Parren,Male,Cheyenne,Universidade Aberta Lisboa,Portugal
88,Marita,Grandham,Female,American Indian and Alaska Native (AIAN),Karolinska Institute Stockholm,Sweden
89,Humfrid,Jacquemet,Polygender,Japanese,Agricultural University of Wroclaw,Poland
90,Tildi,Labin,Female,Malaysian,University of Cagayan Valley,Philippines
91,Laina,Sandham,Female,Alaska Native,Harbin Normal University,China
92,Shane,Revance,Male,Paiute,Ateneo de Zamboanga University,Philippines
93,Serena,Seaton,Female,Asian,University of the Philippines Baguio,Philippines
94,Branden,Espinas,Male,Colombian,Gorno-Altaisk State University,Russia
95,Todd,Ellerbeck,Genderqueer,Asian,Univesidade Agostinho Neto,Angola
96,Jillian,Wilfing,Female,Nicaraguan,St. Petersburg State Marine Technical University,Russia
97,Odelinda,Dahlborg,Female,Houma,International Sakharov Environmental University,Belarus
98,Candy,Paolacci,Female,Mexican,Syktyvkar State University,Russia
99,Koral,Blaszkiewicz,Female,Kiowa,Ningbo University,China
100,Kahaleel,Hastewell,Male,Hmong,Zhejiang Normal University,China
101,Ivan,Empleton,Bigender,Blackfeet,Katholische Stiftungsfachhochschule München,Germany
102,Hanson,Benardet,Male,American Indian and Alaska Native (AIAN),Université de Bangui,Central African Republic
103,Pepito,Edowes,Male,Cree,Universidade Estadual Sudoeste da Bahia,Brazil
104,Kissiah,Panichelli,Female,Chamorro,University College of Gävle,Sweden
105,Hephzibah,Belden,Female,Alaska Native,Kostroma State Technological University,Russia
106,Fay,Lesor,Female,Melanesian,Instituto Superior de Tecnologias Avançadas - ISTEC,Portugal
107,Barbabra,Piotrkowski,Female,Asian Indian,University of Zagreb,Croatia
108,Gerri,Alecock,Male,Central American,South China University of Technology,China
109,Dmitri,Tallant,Male,Apache,Aalborg University,Denmark
110,Lavina,Rapin,Agender,Nicaraguan,Colegio de San Juan de Letran,Philippines
111,Trenton,Leddy,Non-binary,Yuman,Hanoi Open University,Vietnam
112,Regina,Wawer,Female,Malaysian,Philippine Women's University,Philippines
113,Chelsea,Fellow,Female,Yuman,Zhejiang Sci-Tech University ,China
114,Lock,Dukesbury,Male,Tongan,King Mongkut's University of Technology Ladkrabang,Thailand
115,Enrika,Dei,Female,Samoan,Chongqing Education College,China
116,Bernita,Bowman,Female,Choctaw,University of Negros Occidental-Recoletos,Philippines
117,Wilbert,Castiglioni,Male,Alaskan Athabascan,Shanxi Agricultural University,China
118,Sigfried,Winchcum,Male,Colombian,Yunnan Agriculture University,China
119,Bobbye,Winkless,Female,Cree,East Kazakhstan State University,Kazakhstan
120,Janette,Gendrich,Female,Dominican (Dominican Republic),Linguistic University of Nizhny Novgorod,Russia
121,Berti,Northrop,Male,Polynesian,Instituto Superior de Informática e Gestão,Portugal
122,Ursola,Dumbreck,Agender,Crow,China University of Mining Technology - Beijing,China
123,Reece,Boteman,Male,Menominee,Hebei University of Economics and Trade,China
124,Shari,O'Sculley,Female,Colombian,Ecole Supérieure des Techniques Industrielles et des Textiles,France
125,Fonzie,Sasser,Male,Venezuelan,Gansu Agricultural University,China
126,Kissie,Kovelmann,Female,Yakama,Université Paul Valéry (Montpellier III),France
127,Michele,Avramovitz,Bigender,Ottawa,Korea National University of Education,South Korea
128,Inga,Bull,Female,Sioux,Universitas Sriwijaya,Indonesia
129,Faustine,Aspey,Female,Osage,University of the Philippines Diliman,Philippines
130,Killie,Boots,Polygender,Yuman,Centro Universitário Serra dos Órgãos,Brazil
131,Aurelea,Morten,Female,Mexican,Military University Shoumen,Bulgaria
132,Jess,Congreve,Male,Central American,Universidade de Mogi das Cruzes,Brazil
133,Genevra,Riddoch,Female,Puget Sound Salish,Alfred Nobel University of Economics and Law ,Ukraine
134,Johnathan,Folkerd,Male,Black or African American,"Institue of Technology, Tralee",Ireland
135,Guilbert,Lebreton,Male,Alaska Native,Central University for Nationalities,China
136,Elwyn,Hargrove,Male,American Indian and Alaska Native (AIAN),University of Southern Mindanao,Philippines
137,Laurie,Schwandermann,Male,Yakama,Universitas 17 Agustus 1945 Jakarta,Indonesia
138,Dolli,O'Sirin,Female,Honduran,Technical University of Opole,Poland
139,Dulcy,Turone,Female,Eskimo,University of Belize,Belize
140,Andreas,Cowlishaw,Male,Chamorro,Shenyang University,China
141,Gwenette,Byram,Female,Cuban,Lulea University of Technology,Sweden
142,Margarete,Rainville,Female,Blackfeet,Changchun University of Technology,China
143,Thibaud,Hekkert,Male,Apache,Shaanxi Normal University,China
144,Penn,Topling,Male,Houma,Baghlan University,Afghanistan
145,Cobbie,Althrop,Bigender,Black or African American,Universitas Katolik Widya Karya,Indonesia
146,Neddy,Sink,Male,Delaware,Université de Ouagadougou,Burkina Faso
147,Karoly,Renish,Male,Malaysian,Hebei Normal University,China
148,Crista,Arias,Bigender,Vietnamese,Taylor's University College,Malaysia
149,Sigismundo,Slark,Male,Korean,Lazarski School of Commerce and Law,Poland
150,Royal,Letcher,Male,Tlingit-Haida,University College of Applied Sciences,Palestinian Territory
151,Leilah,Beswetherick,Female,Venezuelan,Nankai University,China
152,Husein,McKeaney,Male,Latin American Indian,Universitas Dian Nuswantoro,Indonesia
153,Wells,Mac Geaney,Male,Salvadoran,Ibn Sina University,Afghanistan
154,Sherlocke,Dunbobin,Male,Alaskan Athabascan,Walcz College,British Virgin Islands
155,Evered,Lagne,Male,Indonesian,Technological University (Meikhtila),Myanmar
156,Annora,Booth-Jarvis,Female,Melanesian,University of Electronic Science and Technology of China,China
157,Milicent,Endersby,Female,Yaqui,Northeast Forest University,China
158,Randi,Renouf,Male,Cree,Dimocritus University of Thrace,Greece
159,Hall,Chillingsworth,Male,Aleut,Kuwait University,Kuwait
160,Harwell,Lomond,Male,Taiwanese,University of Petroleum (East China),China
161,Charlton,Glusby,Male,Samoan,International People's College,Denmark
162,Gloria,Kollaschek,Female,Ottawa,University of Fine Arts Belgrade,Serbia
163,Korey,Dukes,Male,Osage,Universidad de Norteamerica,Mexico
164,Catharine,Wastell,Female,Yuman,West China University of Medical Sciences,China
165,Gigi,Weepers,Female,Uruguayan,National Pedagogical University M. Dragomanov ,Ukraine
166,Filmer,Giotto,Male,Puerto Rican,"Universidad CAECE, Buenos Aires",Argentina
167,Sada,Bilbey,Female,Costa Rican,Tver State University,Russia
168,Iolanthe,Strathe,Female,Spaniard,Zhongnan University of Economics and Law,China
169,Timmy,Greengrass,Female,Yakama,Yemenia University,Yemen
170,Hiram,Rattry,Agender,Filipino,Beijing Information Science and Technology University,China
171,Grant,Isaak,Male,Aleut,University of Saint La Salle,Philippines
172,Julieta,Bechley,Non-binary,Delaware,Université de Bouaké,Ivory Coast
173,Erin,Gilders,Male,Chilean,Luhansk Taras Shevchenko National Pedagogical University,Ukraine
174,Jeanna,Remer,Female,Central American,Angeles University,Philippines
175,Brade,Tuft,Male,Panamanian,Texila American University,Guyana
176,Letitia,Tomeo,Female,Ecuadorian,Niger Delta University,Nigeria
177,Claiborne,Joreau,Male,Cherokee,Universidad Nacional de San Cristóbal de Huamanga,Peru
178,Trula,Dominiak,Female,Cherokee,University of Saint La Salle,Philippines
179,Merl,Coughan,Female,Paiute,Universidade Federal de Rondônia,Brazil
180,Sigvard,Skirven,Male,Black or African American,University of the Philippines Baguio,Philippines
181,Durward,Poltun,Male,Venezuelan,Norwegian School of Management BI,Norway
182,Broderick,Meekin,Male,Costa Rican,Instituto Politécnico de Castelo Branco,Portugal
183,Toby,Abramowitch,Male,Venezuelan,Kigali Health Institute,Rwanda
184,Wallas,Dunstall,Male,Yaqui,Universidade de Aveiro,Portugal
185,Bryan,Doerr,Male,Cambodian,Zhongnan University of Finance and Economics,China
186,Alta,Tewes,Female,Taiwanese,Universitas Katolik Widya Manadala,Indonesia
187,Morley,Trewin,Male,Houma,Chongqing University of Technology,China
188,Orv,Tothe,Male,Vietnamese,Technological University (Meikhtila),Myanmar
189,Zarla,Maidment,Non-binary,Sri Lankan,Sheridan College,Canada
190,Moyra,Threader,Female,Korean,Universidade Federal de Mato Grosso do Sul,Brazil
191,Laird,MacPaike,Male,Chinese,Changsha Railway University,China
192,Pru,Merton,Female,Asian,"Fine Arts Academy ""Jan Matejko"" in Cracow",Poland
193,Renata,Giabucci,Female,Comanche,Universitas Pancasakti Tegal,Indonesia
194,Dorella,Kinzel,Female,Bangladeshi,Zhongshan University,China
195,Claudell,Skene,Male,Comanche,Shanghai TieDao University,China
196,Rolf,Novotni,Male,South American,University of King's College,Canada
197,Mickie,Campany,Female,Salvadoran,Ionian University Corfu,Greece
198,Fanchette,Barbery,Female,Puerto Rican,State Engineering University of Armenia,Armenia
199,Franny,Sprigin,Male,Tohono O'Odham,Universitas Negeri Gorontalo,Indonesia
200,Zachariah,Pethick,Non-binary,Iroquois,Swiss German University,Indonesia
201,Mureil,Wooland,Female,Black or African American,Universitas Negeri Malang,Indonesia
202,Gideon,Cherm,Male,Cuban,Palacky University,Czech Republic
203,Andrej,Donaghie,Male,Bolivian,Kwara State Polytecnic,Nigeria
204,Ileane,Dartnell,Female,Vietnamese,Wageningen University,Netherlands
205,Tailor,Hedlestone,Male,Uruguayan,Université de Toulouse-le-Mirail (Toulouse II),France
206,Alvina,Youthead,Female,Pakistani,Universidad Católica Argentina Santa Maria de los Buenos Aires,Argentina
207,Kory,Fasler,Male,Peruvian,Universidade Veiga de Almeida,Brazil
208,Katherine,McNickle,Female,Crow,Universidade Vale do Rio dos Sinos,Brazil
209,Iona,Beidebeke,Female,Tlingit-Haida,Yangzhou University,China
210,Wilden,Masdon,Male,Chamorro,Universitas Pasundan,Indonesia
211,Branden,Bernli,Male,Chilean,Universitas Jayabaya,Indonesia
212,Moll,Corris,Female,Nicaraguan,Tiffin University Prague,Czech Republic
213,Gannon,Wharram,Male,Cambodian,University of Haifa,Israel
214,Marmaduke,Heckner,Male,South American,Zhengzhou University of Technology,China
215,Bailie,Redish,Male,Sri Lankan,Universidad Nacional de Quilmes,Argentina
216,Vere,Benedikt,Female,Yakama,Sevastopol National Technical University,Ukraine
217,Ursula,Rowaszkiewicz,Female,Sri Lankan,Ecole Nationale Supérieure des Mines de Douai,France
218,Marguerite,Lefley,Female,Chinese,University of Ioannina,Greece
219,Drusi,Dibbs,Female,Tongan,Nagoya Women's University,Japan
220,Olimpia,Joffe,Female,Colombian,Krirk University,Thailand
221,Fawn,Pinkard,Female,Puerto Rican,China Medical University Shenyang,China
222,Ainslie,Bunner,Female,South American,University of the Philippines Mindanao,Philippines
223,Pearline,Gaskall,Female,Pueblo,Tibet Tibetan Medical College,China
224,Peterus,de Clercq,Male,Navajo,Ecole Normale Supérieure de Lyon,France
225,Care,Gobourn,Male,American Indian and Alaska Native (AIAN),Universitas Muhammadiyah Jember,Indonesia
226,Eliot,Macveigh,Male,Shoshone,East China Normal University,China
227,Goober,Bletsor,Male,Osage,Modern Acadmy,Egypt
228,Viki,Hinemoor,Female,Sri Lankan,Universidad Privada Juan Mejía Baca,Peru
229,Gauthier,Bier,Male,Eskimo,Liaoning Technical University,China
230,Yves,Methuen,Male,Sri Lankan,University of the West Indies St. Augustine,Trinidad and Tobago
231,Gerry,Ambrogi,Female,Polynesian,Ecole Nationale Supérieure d'Ingenieurs Electriciens de Grenoble,France
232,Pinchas,Pollett,Male,Peruvian,Singidunum University,Serbia
233,Fara,Adrain,Female,Delaware,Yan Shan University,China
234,Dahlia,Dundon,Female,Taiwanese,Gnesins Russian Academy of Music,Russia
235,Nalani,Martensen,Female,Alaska Native,West China University of Medical Sciences,China
236,Tommie,Etienne,Female,Eskimo,West Minster International College,Micronesia
237,Brigid,Writer,Agender,Venezuelan,Beijing Foreign Studies University,China
238,Gibb,MacKey,Male,Seminole,Anhui University of Finance and Economics,China
239,Martica,Kirk,Female,Alaskan Athabascan,Jönköping University College,Sweden
240,Tessy,Stilliard,Female,Native Hawaiian and Other Pacific Islander (NHPI),STMIK Sinar Nusantara,Indonesia
241,Natty,Bulman,Male,Salvadoran,Universidade do Estado do Rio de Janeiro,Brazil
242,Brendin,Van Castele,Non-binary,Thai,National University,Philippines
243,Reed,Maplethorpe,Male,Chippewa,Assumption University of Thailand,Thailand
244,Midge,Coste,Female,Crow,Universidad Americana,Paraguay
245,Lindy,Blundin,Male,Tohono O'Odham,Nayanova University,Russia
246,Mimi,Keppy,Female,Lumbee,Centro Universitário Newton Paiva,Brazil
247,Jordan,Staresmeare,Male,Malaysian,Academia Nacional Superior de Orquesta,Portugal
248,Leoline,Jerdon,Female,Native Hawaiian,Petrozavodsk State University,Russia
249,Lily,Sallowaye,Female,Micronesian,Ecole des Hautes Etudes Commerciales du Nord,France
250,Giraud,Hillhouse,Male,Peruvian,University of the Philippines Los Banos,Philippines
251,Raychel,Twitty,Female,Pakistani,Philippine Christian University,Philippines
252,Quent,Unstead,Male,Indonesian,Istanbul Technical University,Turkey
253,Irita,Po,Female,Lumbee,Universitas Muhammadiyah Makassar,Indonesia
254,Arleyne,Tailby,Female,Alaska Native,Universidad Católica del Oriente,Colombia
255,Lance,Scandwright,Non-binary,Bangladeshi,Northern Jiaotong University,China
256,Wyndham,Albrighton,Male,Puget Sound Salish,Karunya Institute Of Technology ( Deemed University),Western Sahara
257,Pepe,Willoway,Male,Hmong,Dnepropetrovsk National University,Ukraine
258,Trisha,Dinsell,Female,Seminole,Nivadhana University,Thailand
259,Niven,Skerme,Male,Cree,University of Otago,New Zealand
260,Winthrop,Pembery,Male,Bolivian,Chongqing Technology and Business University,China
261,Elianora,Batchelar,Female,Aleut,Université du Québec à Montréal,Canada
262,Renae,Pembridge,Female,Micronesian,Bicol University,Philippines
263,Brittney,Puve,Female,Seminole,Stamford International University,Thailand
264,Candy,Aarons,Female,Chinese,Yan'an University,China
265,Sebastian,Grainge,Male,Colville,Ryazan State Pedagogical University,Russia
266,Cynthie,Naish,Female,Taiwanese,Fudan University,China
267,Joelly,Donan,Female,Mexican,Institute of Management and Economy,Russia
268,Vanni,Himpson,Female,Puerto Rican,Universidade Estadual de Santa Cruz,Brazil
269,Shandra,Pierro,Female,Pueblo,Riga Teacher Training and Educational Management Academy,Latvia
270,Brita,Madsen,Female,Fijian,Tajik Agrarian University,Tajikistan
271,Giacomo,Waite,Male,Central American,Vologda State Pedagogical University,Russia
272,Taylor,Kemwall,Male,Cambodian,Nanjing Agricultural University,China
273,Wright,Cartmail,Male,Colombian,Shinawatra University,Thailand
274,Darin,Senchenko,Male,Bolivian,Northeastern State University,United States
275,Marten,Strang,Bigender,Melanesian,Technical University of Opole,Poland
276,Morna,Venediktov,Female,Alaskan Athabascan,Dhaka University of Engineering and Technology,Bangladesh
277,Jonell,Mayler,Genderfluid,Guatemalan,Universidade dos Acores,Portugal
278,Salli,Lanahan,Female,Bolivian,Academy of Economics in Wroclaw,Poland
279,Laetitia,McGeever,Female,Central American,Politeknik Negeri Pontianak,Indonesia
280,Dael,Francke,Male,Houma,Institut Sains & Teknologi Akprind,Indonesia
281,Welby,McQuarter,Male,Fijian,Universitas Ibn Chaldun Jakarta,Indonesia
282,Patsy,Aronov,Female,Cambodian,Yemenia University,Yemen
283,Jakob,Puddephatt,Male,Panamanian,National Technical University (Kharkiv Polytechnical Institute),Ukraine
284,Garey,Bradforth,Male,South American,Northern Sichuan Medical College,China
285,Michael,Sunman,Male,Mexican,Universidad Privada del Norte,Peru
286,Geoffrey,Phelps,Male,Japanese,Rangsit University,Thailand
287,Andy,Hubbard,Female,Creek,Nanjing Medical University,China
288,Genna,Phippard,Female,Colville,Omsk State Medicical Academy,Russia
289,Daniel,Syer,Genderqueer,Menominee,New Economic School,Russia
290,Jeniece,Shakle,Female,Pueblo,Universidade Bandeirante de São Paulo,Brazil
291,Stoddard,Harniman,Female,Malaysian,Université de Lomé,Togo
292,Elfie,MacKnocker,Female,Iroquois,Mälardalen University,Sweden
293,Giles,Lobbe,Male,Venezuelan,International Medical & Technological University,Tanzania
294,Nessie,Searjeant,Female,Eskimo,Southwest Forestry University,China
295,Calv,Vasilyonok,Male,Puerto Rican,Universitas Kristen Indonesia Tomohon,Indonesia
296,Arlin,Nowakowski,Male,Venezuelan,University College of Trollhättan/Uddevalla,Sweden
297,Arlette,Newlove,Female,Paraguayan,Manuel S. Enverga University Foundation,Philippines
298,Dael,Wratten,Male,Tohono O'Odham,Universidad del Noroeste,Mexico
299,Mara,Angell,Female,Choctaw,Xavier University,Philippines
300,Gay,Bohlmann,Male,Native Hawaiian and Other Pacific Islander (NHPI),American University of Middle East,Svalbard and Jan Mayen
301,Nero,Dietsche,Male,Black or African American,Our Lady of Fatima University,Philippines
302,Vin,Szanto,Male,Bangladeshi,Universitas 17 Agustus 1945 Semarang,Indonesia
303,Ealasaid,Castenda,Female,Central American,Universidad Popular Autonóma del Estado de Puebla,Mexico
304,Mona,Almey,Female,Colombian,Universidad Cientifica Latinoamericana de Hidalgo,Mexico
305,Theodora,Renwick,Agender,Choctaw,Universitas Brawijaya,Indonesia
306,Maribelle,Steade,Female,Eskimo,Université de Nice-Sophia Antipolis,France
307,Wash,Mason,Male,Ottawa,Yanbian University,China
308,Catharine,Lamy,Bigender,Hmong,Samara State Agricultural Academy,Russia
309,Justen,Kynman,Male,Filipino,University of Trinidad and Tobago,Trinidad and Tobago
310,Christoper,Temple,Male,Korean,Dalian University,China
311,Jose,Balffye,Male,Yaqui,University of Massachusetts at Amherst,United States
312,Shannen,Drewitt,Female,Potawatomi,Copenhagen University,Denmark
313,Ruddie,Yelyashev,Male,Salvadoran,National Technical University of Athens,Greece
314,Charil,Sonschein,Female,Laotian,Water Resources University,Vietnam
315,Kare,Druce,Female,Alaska Native,University of Zadar,Croatia
316,Fan,Karlsen,Female,Cherokee,Northeast University at Qinhuangdao Campus,China
317,Xenos,Rollitt,Male,Mexican,Institut Teknologi Telkom,Indonesia
318,Fields,Paroni,Male,Cheyenne,University of the Ryukyus,Japan
319,Jocelyn,Ygo,Female,Cherokee,City University Athens,Greece
320,Elias,Slatford,Male,Creek,Leyte Normal University,Philippines
321,Emlynn,Sanbrooke,Female,Alaska Native,Instituto Politecnico do Porto,Portugal
322,Anett,Pettersen,Female,Central American,University College of Borås,Sweden
323,Callie,Chislett,Female,Colville,Universitas Nusa Cendana,Indonesia
324,Dex,Kamiyama,Male,Cuban,Shanxi Agricultural University,China
325,Adi,Brient,Female,Laotian,Siberian State Industrial University,Russia
326,Loretta,Nealand,Female,Ecuadorian,University of Mohaghegh,Iran
327,Imogene,Jubb,Female,Houma,Universidade Tecnica de Lisboa,Portugal
328,Sorcha,Baunton,Female,Osage,Technological University (Pathein),Myanmar
329,Tedmund,Loghan,Male,Delaware,Universidad ISALUD,Argentina
330,Issy,Guerro,Female,Ecuadorian,Kumoh National University of Technology,South Korea
331,Evie,Karchowski,Female,Mexican,Stie Perbanas Surabaya,Indonesia
332,Simone,Grundle,Female,Paiute,Capital University of Medical Sciences,China
333,Cornie,Sprowell,Male,Cheyenne,Charles R. Drew University of Medicine and Science,United States
334,Andreas,Marchetti,Male,Pueblo,Ecole Supérieure d'Informatique-Electronique-Automatique,France
335,Booth,Osmond,Male,Taiwanese,Northern Jiaotong University,China
336,Rudolph,Bothwell,Male,Black or African American,Dalian Medical University,China
337,Vlad,Osgar,Male,Houma,"Yorker International University, Athens",Greece
338,Eartha,Hedaux,Female,Navajo,Universitas Merdeka Malang,Indonesia
339,Tate,Baynham,Female,Guatemalan,University of the Free State,South Africa
340,Ashien,Dearlove,Female,Melanesian,Universidad de Lima,Peru
341,Radcliffe,Simoneton,Male,Bangladeshi,Nanjing University of Traditional Chinese Medicine,China
342,Diena,Jeanequin,Female,Chickasaw,Dalian University of Foreign Language,China
343,Aurelie,Screwton,Female,Mexican,Henan Agriculture University,China
344,Zak,Cheeke,Male,Blackfeet,"Bauchi State University, Gadau",Nigeria
345,Brandtr,Farlamb,Male,Guamanian,Universitas Ma Chung,Indonesia
346,Tammi,Cundey,Female,Japanese,University of Oslo,Norway
347,Arman,Whitman,Male,Indonesian,Cape Peninsula University of Technology,South Africa
348,Hamil,Kembry,Male,Tlingit-Haida,Satakunta University Of Applied Scinces,Finland
349,Sherrie,Giacoppoli,Female,Native Hawaiian,Universidad del Norte,Colombia
350,Charlotta,Else,Female,Filipino,Foundation University,Philippines
351,Susy,Tregidgo,Female,Chamorro,Universitas Trisakti,Indonesia
352,Coletta,Kirtley,Female,Dominican (Dominican Republic),Universidad Marcelino Champagnat,Peru
353,Boote,Hullin,Male,Chickasaw,"Donghua University, Shanghai",China
354,Ly,Tryme,Male,Sioux,European University,Serbia
355,Meredith,Vitall,Female,Tlingit-Haida,Central Bible College,United States
356,Lavinia,Gernier,Polygender,Tohono O'Odham,Universidade para o Desenvolvimento do Alto Vale do Itajaí,Brazil
357,Daile,Mannion,Female,Chilean,Ecole Centrale de Lyon,France
358,Les,Bankhurst,Male,Tohono O'Odham,University of Texas Health Center at Houston,Marshall Islands
359,Nils,Dain,Male,Pakistani,Assiut University,Egypt
360,Devonne,Strettell,Female,Polynesian,Universidade Independente,Portugal
361,Hayden,Hurn,Male,Mexican,Nizhny Novgorod State University,Russia
362,Sallyanne,Grain,Female,Ottawa,Politeknik Negeri Padang,Indonesia
363,Morrie,Jannaway,Male,Guamanian,European University,Serbia
364,Modesta,Vooght,Female,Crow,Universidad de Aconcagua,Chile
365,Shannon,Ghiroldi,Female,Bolivian,South China Construction University,China
366,Carson,Perrone,Male,Iroquois,Sardar Patel University,India
367,Goldi,Dolley,Female,Colville,Inner Mongolia Agricultural University,China
368,Melosa,Gillbe,Female,Chickasaw,Athens Laboratory of Business Administration (ALBA),Greece
369,Germaine,Weatherhill,Female,Laotian,Instituto Superior Politécnico Gaya,Portugal
370,Tricia,Faircley,Female,Yaqui,South China Agricultural University,China
371,Duffie,Philipard,Male,Cheyenne,Centro Universitario Ciudad Vieja,Guatemala
372,Redford,Allcorn,Male,Choctaw,Instituto Superior de Informática e Gestão,Portugal
373,Emeline,Oakinfold,Female,Taiwanese,Perdana University,Malaysia
374,Jarid,Glasbey,Male,Crow,Universidade Estadual de Campinas,Brazil
375,Joeann,Devita,Female,Paraguayan,University of Wroclaw,Poland
376,Wolfgang,McKenny,Male,Japanese,Universidad del Turismo,Costa Rica
377,Leonora,Brierly,Female,Chickasaw,Universidade Vale do Rio Doce,Brazil
378,Gill,Shaxby,Female,Navajo,University of Pardubice,Czech Republic
379,Stormi,Soggee,Female,Comanche,King Mongkut's University of Technology Ladkrabang,Thailand
380,Tremain,Beddis,Male,Samoan,University of Regina Carmeli,Philippines
381,August,Farre,Male,Vietnamese,Lamphun College of Agriculture and Technology,Thailand
382,Tucker,Bettam,Male,Menominee,Universidad de San Andres,Chile
383,Dolli,Grellis,Female,Blackfeet,"Schiller International University, Heidelberg",Germany
384,Dore,Garlette,Female,Indonesian,Purbanchal University,Nepal
385,Bert,Lowbridge,Male,Cambodian,Chongqing University of Communications,China
386,Rosaleen,Estevez,Female,Yaqui,Naruto University of Education,Japan
387,Hyacinth,Gamwell,Female,Delaware,International Business University of Beijing,China
388,Guglielmo,Ceeley,Male,Cheyenne,University of Aizu,Japan
389,Danette,Seedhouse,Female,Hmong,East-Siberian State Institute of Culture,Russia
390,Johnnie,Farny,Male,Puerto Rican,King College,United States
391,Clarissa,Ilyasov,Female,Venezuelan,Ferris University,Japan
392,Betteanne,Curtin,Female,Fijian,Moscow State University of Culture,Russia
393,Cammi,Dacombe,Female,Pima,Huron University College,Canada
394,Alessandro,Giordano,Male,Seminole,Universidade Moderna de Lisboa,Portugal
395,Aluin,Rippingall,Male,Malaysian,University of Aviation and Technology,Tunisia
396,Wilden,Skate,Male,Aleut,Universitas Lancang Kuning,Indonesia
397,Burton,Alekhov,Male,Crow,University of Da Lat,Vietnam
398,Geordie,Fussell,Male,Fijian,Instituto Superior de Ciências Empresariais e de Turismo,Portugal
399,Lynnette,Dunnan,Female,Thai,Mulungushi University,Zambia
400,Patrizius,Reihill,Male,Choctaw,Chongqing Vocational College of Public Transportation,China
401,Leonhard,Pedrazzi,Male,Mexican,Universidad Tecnológica del Peru,Peru
402,Fidelia,Bate,Female,Ute,International Hellenic University,Greece
403,Jedd,Lesek,Male,Yuman,Universidad Ricardo Palma,Peru
404,Jakie,Alyutin,Male,Eskimo,Ecole Supérieure de Commerce de Lyon,France
405,Corrinne,Monk,Female,Uruguayan,University of Finance and Management in Bialystok,Poland
406,Fair,Pimblett,Male,Japanese,University of Zadar,Croatia
407,Winston,Franzewitch,Male,Central American,Comrat State University,Moldova
408,Theodoric,Haresnape,Polygender,Colville,Universitas Bakrie,Indonesia
409,Bo,Burgwin,Male,Indonesian,Universitas Muhammadiyah Surakarta,Indonesia
410,Flore,Hallad,Female,Sioux,Université de la Manouba,Tunisia
411,Syman,Gricks,Male,Pima,Universidade Federal de São Paulo,Brazil
412,Guthry,Redgrove,Polygender,Black or African American,Inner Mongolia Polytechnic University,China
413,Vyky,Jacobowitz,Female,Kiowa,University of Charleston South Carolina,United States
414,Neale,Stobo,Male,Mexican,Dhofar University,Oman
415,Glenn,Garrit,Male,Seminole,Université du Havre,France
416,Janek,Righy,Male,Shoshone,Dalian University of Technology,China
417,Reinaldo,Kleinsinger,Male,Blackfeet,Universidad Nueva Esparta,Venezuela
418,Grant,Tyrrell,Male,Costa Rican,Semnan University of Medical Sciences,Iran
419,Tobye,Leven,Female,Tlingit-Haida,Universidad Interamericana,Dominican Republic
420,Channa,Skews,Female,Kiowa,"Music Academy ""Stanislaw Moniuszko"" in Gdansk",Poland
421,Gennifer,Syphas,Female,Pima,Universitas Trilogi,Indonesia
422,Leda,Ecles,Female,Thai,Institut Teknologi Telkom,Indonesia
423,Gaven,Backler,Male,Costa Rican,Wudanshan Taoist College ,China
424,Lucilia,Guisot,Female,Korean,University College of Borås,Sweden
425,Barbe,Shorbrook,Female,Spaniard,Malone College,United States
426,Trixie,Whitwood,Female,Tohono O'Odham,Universitas Komputer Indonesia,Indonesia
427,Moina,Wilkison,Female,Ottawa,Unitomo Surabaya,Indonesia
428,Jonie,Ronaghan,Female,Argentinian,National University of Ostroh Academy,Ukraine
429,Evvie,Witchard,Female,Melanesian,Universitas HKBP Nommensen,Indonesia
430,Christophorus,Cowen,Male,Cambodian,Centro Universitario de Occidente,Guatemala
431,Tessi,Osgarby,Female,Uruguayan,Universidade da Amazônia,Brazil
432,Jud,Clowney,Agender,Cambodian,Universitas Muhammadiyah Malang,Indonesia
433,Lemmy,Raffles,Male,Colombian,Tianjin University of Commerce,China
434,Buffy,Scoble,Female,Nicaraguan,Nordic School of Public Health,Sweden
435,Waverley,Goncaves,Male,White,Fachhochschule Eberswalde,Germany
436,Alfons,Ginnelly,Male,Laotian,Claflin College,United States
437,Gabriello,Nassie,Male,Black or African American,Universidade Federal do Rio Grande do Norte,Brazil
438,Althea,Farfoot,Female,Polynesian,Universidade de Lisboa,Portugal
439,Ody,Drew,Male,Seminole,Norwegian College of Veterinary Medicine,Norway
440,Belle,Marland,Female,Venezuelan,Dagestan State University,Russia
441,Jessalin,Verdie,Female,Comanche,Xi'an Highway University,China
442,Killie,Stidworthy,Male,Chilean,Instituto Politécnico de Castelo Branco,Portugal
443,Lesya,Brundill,Female,Shoshone,University of Waikato,New Zealand
444,Christina,Tremmil,Female,Cherokee,Universitas Lancang Kuning,Indonesia
445,Major,Hardwicke,Male,Cree,Universitas Mulawarman,Indonesia
446,Jobey,Beadnell,Female,Indonesian,Universidade Federal de Ouro Preto,Brazil
447,Ev,Scardifeild,Agender,Alaska Native,Hehai University,China
448,Daphene,Allden,Female,Alaska Native,Ho Chi Minh City University of Social Sciences and Humanities,Vietnam
449,Cointon,Cumber,Male,Yaqui,Instituto Superior de Ciências do Trabalho e da Empresa,Portugal
450,Eadmund,Tommaseo,Male,Fijian,Technological Education Institute of Thessaloniki,Greece
451,Jehanna,Moakes,Female,Dominican (Dominican Republic),Vitebsk State Academy of Veterinary Medicine,Belarus
452,Reg,Gillani,Male,Bolivian,Ukrainian Academy of Pharmacy,Ukraine
453,Margy,Helwig,Female,Fijian,Universitas Muria Kudus,Indonesia
454,Birk,Nana,Male,Spaniard,Uppsala University,Sweden
455,Orland,Medley,Male,Ute,Centre Universitaire de Technologie,Lebanon
456,Alyosha,Iaduccelli,Non-binary,Native Hawaiian,Ecole Nationale Supérieure d'Ingénieurs en Mécanique et Energétique de Valenciennes,France
457,Abe,MacAlpin,Male,Pima,Jimma University,Ethiopia
458,Moss,Coyish,Male,Mexican,Universidad Hispanoamericana,Mexico
459,Gareth,Chamberlain,Male,Pima,Kazan State University,Russia
460,Herbert,Lambricht,Male,Guamanian,Nanjing University of Science and Technology,China
461,Lanita,Paragreen,Female,Fijian,Universidade de Brasília,Brazil
462,Essa,Rosenberg,Female,Panamanian,National University of Kiev-Mohyla Academy,Ukraine
463,Liesa,Duffer,Female,Yaqui,University of Tuzla,Bosnia and Herzegovina
464,Shawnee,Dashper,Genderfluid,Asian,Qiongzhou University,China
465,Lorens,Rodrigues,Male,Fijian,Ecole Nationale Supérieure d'Arts et Métiers de Paris,France
466,Terrance,Caramuscia,Male,Native Hawaiian,Ternopil Academy of National Economy,Ukraine
467,Gertruda,Ausiello,Female,Nicaraguan,Université de Ouagadougou,Burkina Faso
468,Nappie,Downham,Male,Colville,Asian University of Science and Technology,Thailand
469,Mellicent,Lergan,Female,Pakistani,Rostov State Medical University,Russia
470,Maurene,Peterson,Female,Melanesian,Beijing International Studies University,China
471,Livvie,Micheli,Female,Cherokee,Agricultural University of Szczecin,Poland
472,Paquito,Frosdick,Male,Bangladeshi,Xi'an Jiaotong-Liverpool University,China
473,Dalenna,Dallicott,Female,Mexican,University of New Caledonia,New Caledonia
474,Julia,Berggren,Bigender,Filipino,Northeast Normal University,China
475,Scarlet,Holson,Female,White,Universidad Peruana Cayetano Heredia,Peru
476,Fionnula,Shiers,Female,Yuman,Universitas Islam Sumatera Utara,Indonesia
477,Kristofer,Tweed,Male,Honduran,Ludwik Solski State Academy of Theatre in Cracow,Poland
478,Boothe,Mottershaw,Male,Colville,Heilongjiang Commercial University,China
479,Randolph,Fackrell,Male,Houma,Universitas Sebelas Maret,Indonesia
480,Benny,Letterese,Female,Colville,Hebei Normal University,China
481,Nicko,Damp,Male,Paraguayan,Shanghai University,China
482,Will,Harberer,Male,Thai,Zhengda Software College,China
483,Mateo,Yeude,Male,Menominee,Novosibirsk State Medical Academy,Russia
484,Barton,Spirit,Male,Dominican (Dominican Republic),Shenyang Pharmaceutical University,China
485,Piggy,Sylvaine,Male,Chinese,Salam University,Afghanistan
486,Elias,Burgoin,Male,Native Hawaiian,China Medical University Shenyang,China
487,Ingaborg,Fiske,Genderqueer,Hmong,Ecole Centrale de Lyon,France
488,Schuyler,Mucklow,Male,Cheyenne,Nanjing Institute of Meteorology,China
489,Kat,Gerson,Bigender,Navajo,Universidade Regional do Noroeste do Estado do Rio Grande do Sul,Brazil
490,Rory,Lumsdale,Female,Comanche,Universidad Piloto de Colombia,Colombia
491,Doloritas,Thiese,Female,Korean,Saint Mary's University,Philippines
492,Nataline,Aimeric,Female,Panamanian,University of Negros Occidental-Recoletos,Philippines
493,Noemi,Gautrey,Female,Indonesian,Chengdu University,China
494,Lorette,Towll,Female,Spaniard,University of North West,South Africa
495,Elonore,Spir,Female,American Indian,Universidade de Taubaté,Brazil
496,Cathrin,Barbara,Female,South American,Ecole Nationale Supérieure des Mines de Nancy,France
497,Joye,Pennino,Female,Filipino,Adama Science and Technology University,Ethiopia
498,Ellissa,Olney,Female,Panamanian,Universidad Libre de Colombia,Colombia
499,Renault,Conelly,Male,Taiwanese,Ural State Academy of Law,Russia
500,Dena,Baskerville,Female,Delaware,Delijan Payame Noor University,Iran
501,Bordie,Philipson,Male,Indonesian,Haigazian University,Lebanon
502,Jerrine,World,Female,Lumbee,Université de Bouaké,Ivory Coast
503,Tandi,Nano,Female,Menominee,Tashkent State Technical University,Uzbekistan
504,Mendel,Dalgarnocht,Male,Delaware,American University in Bulgaria,Bulgaria
505,Bertha,Dunseath,Female,Cuban,Warsaw School of Social Psychology,Poland
506,Dorree,Pimbley,Female,Paraguayan,Gdansk Management College,Poland
507,Britt,Fend,Female,Cree,Christchurch Polytechnic Institute of Technology,New Zealand
508,Peder,Mellodey,Male,Paiute,Guangzhou Academy of Fine Art,China
509,Chrissie,Syce,Genderfluid,Paiute,Xi'an Jiaotong University,China
510,Alonzo,Andrez,Male,Native Hawaiian,Rangsit University,Thailand
511,Durant,Stroobant,Male,Paiute,Omsk State Agrarian University,Russia
512,Germaine,Wolfenden,Female,Indonesian,Shenyang Jianzhu University,China
513,Hewet,Medler,Male,Uruguayan,Moscow State Automobile and Road Technical University,Russia
514,Gale,Sefton,Female,Spaniard,Davao Doctors College,Philippines
515,Leonhard,Bushe,Male,Navajo,Notre Dame University,Philippines
516,Tiffi,Pontefract,Polygender,Filipino,Universidade Estadual do Norte Fluminense,Brazil
517,Wilt,Jager,Genderfluid,Cheyenne,National Pedagogical University M. Dragomanov ,Ukraine
518,Shepperd,Thirst,Male,Costa Rican,Xinjiang University,China
519,Izabel,Dewdney,Female,Menominee,Institute for the Economy in Transition,Russia
520,Sadella,Eicheler,Female,Aleut,Université Catholique de Lille,France
521,Lottie,Pothergill,Female,Navajo,Unitomo Surabaya,Indonesia
522,Lulita,Hunnawill,Female,Dominican (Dominican Republic),Dalian University of Foreign Language,China
523,Aubry,Elt,Female,American Indian,Universidad del Caribe,Dominican Republic
524,Tommie,Borham,Female,Korean,Universidade Portucalense Infante D. Henrique,Portugal
525,Francklin,Krauss,Male,Micronesian,Universidade Lusíada de Angola,Angola
526,Hall,Kilgallon,Male,Tohono O'Odham,Gnesins Russian Academy of Music,Russia
527,Ynes,Biffen,Female,Filipino,Liaoning Normal University,China
528,Jenni,Culp,Female,Bolivian,Curry College,United States
529,Annalise,Rimbault,Female,Asian,St. Francis Xavier University,Canada
530,Orbadiah,Gearing,Male,Osage,St. Petersburg State Chemical Pharmaceutical Academy,Russia
531,Junina,Jeanel,Female,Korean,Universidad Privada San Pedro,Peru
532,Travis,Bamforth,Male,Pakistani,University of lloilo,Philippines
533,Jackqueline,Shillan,Female,Menominee, Huaihua University,China
534,Tabbie,Beddall,Female,Chippewa,Institute of Management & Enteurpreneurship of South East Europe,Greece
535,Simonette,Grishanov,Female,Ottawa,Wuyi University,China
536,Glenn,Glencros,Female,Osage,Chalmers University of Technology,Sweden
537,Shalom,Pride,Male,Tlingit-Haida,Universidad Tecnológica Centroamericana,Honduras
538,Ofella,Elkins,Female,Colombian,Universidad Nacional de Jujuy,Argentina
539,Rianon,Patershall,Female,Blackfeet,Universitas Islam Malang,Indonesia
540,Lotty,Apperley,Female,American Indian,Huizhou University,China
541,Charlot,Cubitt,Female,Paiute,Hebei University,China
542,Rose,Shackell,Female,Pakistani,Universitas Brawijaya,Indonesia
543,Alexia,Jain,Female,Polynesian,Tajik National University,Tajikistan
544,Rene,Welman,Male,Tongan,University of Split,Croatia
545,Dion,Parsand,Female,Osage,Divine Word College of Legazpi,Philippines
546,Abdul,O'Fogarty,Male,Shoshone,Universitas Negeri Yogyakarta,Indonesia
547,Mari,Sharrard,Female,Peruvian,Perm State Medical Academy,Russia
548,Waldon,Ayrs,Genderfluid,Potawatomi,University of Pula,Croatia
549,Carlina,Daen,Female,Navajo,Thamar University,Yemen
550,Durand,Aitken,Male,Panamanian,Aichi Sangyo University,Japan
551,Barnaby,Gronow,Male,Cree,Novosibirsk State University,Russia
552,Tammy,Kiehnlt,Male,Puerto Rican,Hebei Academy of Fine Art,China
553,Star,Allport,Female,Central American,"Moscow State University of Economics, Statistics and Informatics",Russia
554,Evey,Rudloff,Female,Latin American Indian,Escola Superior de Artes e Design,Portugal
555,Anna-maria,Kuhnwald,Female,Black or African American,Universidade Regional do Noroeste do Estado do Rio Grande do Sul,Brazil
556,Lark,Pistol,Female,Ute,National Pedagogical University M. Dragomanov ,Ukraine
557,Pattie,Espadate,Non-binary,Eskimo,Binus University,Indonesia
558,Linell,Kenzie,Female,Korean,Politeknik Negeri Sambas,Indonesia
559,Marget,Koppes,Female,Potawatomi,Universidad Bolivariana de Venezuela,Venezuela
560,Ulrick,Sattin,Male,Choctaw,Technological Education Institute of Kavala,Greece
561,Herc,Preble,Male,Filipino,State University of Aerospace Technologies,Russia
562,Wini,Brookfield,Female,Peruvian,Lahti Polytechnic,Finland
563,Karrie,Baud,Female,Pima,Lyceum of the Philippines University,Philippines
564,Lilllie,Medley,Female,Aleut,Hunan Agricultural University,China
565,Andriana,Banes,Female,Tlingit-Haida,University of Turku,Finland
566,Nara,Hellier,Female,Laotian,Huachiew Chalermprakiet University,Thailand
567,Roanne,Trevain,Female,Cheyenne,LICCSAL Business College,Sierra Leone
568,Jordon,Andrzejowski,Male,Latin American Indian,Aga Khan University,Uganda
569,Melli,Chavey,Female,Chickasaw,Minhaj University Lahore,Pakistan
570,Clemmy,Billham,Female,Central American,Academy of Economics in Wroclaw,Poland
571,Cooper,Parry,Male,Malaysian,Eastern Conservatory of Music,United States
572,Christyna,Purcer,Female,Navajo,Instituto Superior de Ciências Educativas,Portugal
573,Brit,Pindred,Female,Salvadoran,Universitas Brawijaya,Indonesia
574,Brigida,Crump,Female,Vietnamese,Jobu University,Japan
575,Korella,Pettko,Female,Paiute,Technological University of Podillya,Ukraine
576,Fonsie,Moore,Male,Dominican (Dominican Republic),Southwest University of Nationalities,China
577,Kipp,Brooksby,Non-binary,Chickasaw,Southwest Forestry University,China
578,Maurine,Geddes,Genderfluid,Filipino,Universidad Bellas Artes,Colombia
579,Siward,Romain,Male,Asian,Drzavni Univerzitet u Novom Pazaru,Serbia
580,Chevalier,Brychan,Genderfluid,Honduran,Universidade da Madeira,Portugal
581,Basile,Capsey,Male,Peruvian,University of lloilo,Philippines
582,Carver,Hollows,Male,Navajo,Universitas Widya Gama Malang,Indonesia
583,Ashby,Dullingham,Male,Menominee,University of Malta,Malta
584,Lynsey,Gerriets,Female,Eskimo,Ateneo de Zamboanga University,Philippines
585,Siegfried,Heskin,Male,Cuban,Russian State University for the Humanities,Russia
586,Walton,Shackel,Male,Crow,Ecole Supérieure d'Ingénieurs et de Techniciens pour l'Agriculture,France
587,Valina,McAllaster,Female,Eskimo,Ningbo University of Technology,China
588,Jo-anne,Kardos-Stowe,Female,Uruguayan,Universitas Islam Sultan Agung,Indonesia
589,Farlay,Bosse,Male,Paiute,Universidad Nacional de Ingeniería,Peru
590,Charmaine,Lattie,Female,Ottawa,University of Rijeka,Croatia
591,Adamo,Loving,Male,Aleut,Hebei United University,China
592,Mic,Rodrig,Male,Tongan,Ecole Supérieure de Commerce de Nantes-Atlantique,France
593,Devondra,Sturney,Non-binary,Chickasaw,Universidad Autónoma de Yucatán,Mexico
594,Jarrad,Riply,Male,Tohono O'Odham,Huaihai Institute of Technology,China
595,Tootsie,Gawthorpe,Female,Paiute,The Kingdom University,Bahrain
596,Aryn,Kampshell,Female,Cambodian,Escola Nautica Infante D. Henrique,Portugal
597,Roderigo,Pethybridge,Agender,Alaskan Athabascan,Gdansk Management College,Poland
598,Eddie,Stranger,Male,Samoan,Lyon College,United States
599,Guglielmo,Lapenna,Genderfluid,American Indian and Alaska Native (AIAN),Thamar University,Yemen
600,Orsa,Bawles,Female,Cherokee,Ateneo de Manila University,Philippines
601,Kip,Rumney,Male,Native Hawaiian and Other Pacific Islander (NHPI),Universidad de Viña del Mar,Chile
602,Michaelina,Rosie,Female,South American,Stockholm Institute of Education,Sweden
603,Porter,Mariotte,Male,Chippewa,Universitas Islam Jakarta,Indonesia
604,Gavrielle,Allbones,Female,White,Fine Arts Academy in Wroclaw,Poland
605,Cariotta,Boundley,Non-binary,Apache,Petrozavodsk State University,Russia
606,Conrado,Weighell,Agender,Native Hawaiian and Other Pacific Islander (NHPI),Universitas Cenderawasih,Indonesia
607,Viole,Kinnear,Female,Alaska Native,East China Jiao Tong University,China
608,Edyth,Irdale,Female,Chippewa,North China University of Technology,China
609,Babs,Wreak,Polygender,Menominee,Université Sorbonne-Nouvelle (Paris III),France
610,Clemmy,Broy,Male,Peruvian,Buckinghamshire New University,United Kingdom
611,Emmery,Ruckledge,Male,Honduran,Ecole Supérieure de Chimie Physique Electronique de Lyon,France
612,Gale,Delamaine,Polygender,Asian Indian,Universitas Padjadjaran,Indonesia
613,Lyn,Burdekin,Female,Nicaraguan,Technological Education Institute of Kavala,Greece
614,Carny,Pesticcio,Male,Menominee,National Medical University O.O. Bogomolets,Ukraine
615,Abdel,Exell,Male,Black or African American,"Institute of Teachers Education, Penang",Malaysia
616,Ingmar,Puncher,Male,Panamanian,University of Zagreb,Croatia
617,Rollin,Cousans,Male,Cree,Magnitogorsk State University,Russia
618,Tonia,Grinin,Female,Hmong,Universidad Simón Bolivar,Mexico
619,Teodora,Darrington,Female,Bolivian,Universidad Nacional de General Sarmiento,Argentina
620,Dru,Sinden,Male,Creek,Hunan University,China
621,Yoko,Woodard,Female,Thai,Ecole Nationale Supérieure des Mines de Nancy,France
622,Chad,Gaddie,Male,Puerto Rican,"Institut National de la Recherche Scientifique, Université du Québec",Canada
623,Booth,Terrans,Male,Nicaraguan,St. Petersburg Institute of Arts and Restoration,Russia
624,Darill,Fellgatt,Genderfluid,Colville,De La Salle University,Philippines
625,Giovanni,Barthod,Male,Lumbee,Stockholm University,Sweden
626,Arleen,Clacey,Female,Alaska Native,Shantou University,China
627,Andrea,Burle,Female,Yuman,Durham College,Canada
628,Dania,Vella,Female,American Indian,Central Radio and TV University,China
629,Daffi,Tellett,Female,Colville,Tanta University,Egypt
630,Fifine,Byk,Female,Asian Indian,Livingstone College,United States
631,Carroll,Forre,Male,Fijian,Westminster College New Wilmington,United States
632,Ivett,Leedes,Female,Chamorro,Universitas Bengkulu,Indonesia
633,Romola,Bossons,Genderqueer,Salvadoran,Colegio de San Juan de Letran,Philippines
634,Orly,Meni,Female,Japanese,Universitas Advent Indonesia,Indonesia
635,Karita,Arlt,Female,Navajo,Chongqing Medical University,China
636,Ealasaid,Mille,Female,Ecuadorian,Beijing Information Science and Technology University,China
637,Lorrie,Whorlow,Female,Dominican (Dominican Republic),Kursk State University,Russia
638,Rosaline,McIlvaney,Polygender,Thai,Kampala University,Uganda
639,Annabell,De Mitri,Female,Cree,Université de Monastir,Tunisia
640,Alexine,Pesic,Non-binary,Paraguayan,Inner Mongolia University,China
641,Deanna,Coveney,Female,Honduran,Valdosta State University,United States
642,Tobe,O'Fallowne,Male,Indonesian,Saint Louis University,Philippines
643,Scot,Postan,Male,American Indian and Alaska Native (AIAN),Universidad Juárez del Estado de Durango,Mexico
644,Tiffani,Shevelin,Female,Taiwanese,Universidad Nacional Agraria de la Selva,Peru
645,Layne,Pasmore,Female,Houma,"International University of Fundamental Studies, St. Petersburg",Russia
646,Kitty,Bickerdyke,Female,American Indian,University of Pangasinan,Philippines
647,Morissa,Yakolev,Female,Melanesian,Gunma University,Japan
648,See,Fruin,Male,Asian,Universidad Ciencias Comerciales,Nicaragua
649,Maisie,Redolfi,Female,Japanese,Norwegian State Academy of Music,Norway
650,Clayborne,Stanyan,Male,Chilean,Faculdade Jaguariúna,Brazil
651,Delbert,Lillgard,Male,Blackfeet,Maejo University,Thailand
652,Fielding,Ivantsov,Male,Yuman,Northern Sichuan Medical College,China
653,Augusto,Delos,Male,Pakistani,Penza State University,Russia
654,Skelly,Horsburgh,Male,Iroquois,Universidad Central Dominicana de Estudio Profesionales,Dominican Republic
655,Kaja,Flukes,Female,Malaysian,Maakhir University,Somalia
656,Pete,Leacy,Male,Puget Sound Salish,Shenyang University,China
657,Nicki,Blachford,Female,White,Universitas Bengkulu,Indonesia
658,Maritsa,Climar,Female,South American,Capilano College,Canada
659,Kip,Cornall,Male,Native Hawaiian,University of Ljubljana,Slovenia
660,Cacilie,La Vigne,Female,Paiute,Notre Dame University,Philippines
661,Federico,Owers,Male,Pima,Universidad Bolivariana,Chile
662,Carr,O'Dunneen,Male,Cree,Universitas Darma Persada,Indonesia
663,Cthrine,Cossar,Female,Colville,Adamson University,Philippines
664,Shell,Quinevan,Agender,Colombian,College of Education Oju,Nigeria
665,Kass,Parlot,Female,Menominee,African Virtual University,Tanzania
666,Somerset,Skellington,Male,Choctaw,Tajik National University,Tajikistan
667,Gwen,Pointer,Female,Black or African American,Tianjin University of Technology,China
668,Birk,Bandey,Male,Tongan,Centennial College,Canada
669,Randell,Keene,Male,Samoan,Beijing University of Aeronautics and Astronautics,China
670,Othelia,Everall,Female,Tlingit-Haida,Beijing University of Science and Technology,China
671,Lorna,Nasey,Female,Comanche,Immanuel Kant State University of Russia,Russia
672,Jo-anne,Winspurr,Female,Houma,China Agriculture University East,China
673,Emmalynne,Ainsbury,Female,Chickasaw,Pontifícia Universidade Católica do Rio Grande do Sul,Brazil
674,Maryjo,Duffet,Female,Apache,Instituto Superior de Assistentes e Intérpretes,Portugal
675,Adina,Mepsted,Female,Cree,STMIK Sinar Nusantara,Indonesia
676,Lyn,Polgreen,Male,Latin American Indian,Université de Dschang,Cameroon
677,Roosevelt,Yven,Male,Dominican (Dominican Republic),Instituto Politécnico de Setúbal,Portugal
678,Aline,Edghinn,Female,Cambodian,Zhanjiang Ocean University,China
679,Rice,Brunesco,Genderfluid,Vietnamese,Fine Arts Academy in Warsaw,Poland
680,Irvine,Burdekin,Male,Seminole,"University College of Arts, Crafts and Design",Sweden
681,Cad,Lyvon,Male,Black or African American,Canadian College of Business & Computers,Canada
682,Arabel,Brechin,Female,White,Pyongyang University of Science and Technology,North Korea
683,Matteo,Chiswell,Male,Delaware,Universidad Nacional de Villa María,Argentina
684,Adan,Critchell,Female,Guamanian,Universidade Lusófona de Humanidades e Technologias,Portugal
685,Spenser,Olivera,Male,Pueblo,Moshi University College of Cooperative and Business Studies,Tanzania
686,Tabbitha,Leer,Female,Costa Rican,Arab European University,Syria
687,Val,Offen,Polygender,Iroquois,William Mitchell College of Law,United States
688,Joann,Gley,Female,Yaqui,Universitas Wisnuwardhana,Indonesia
689,Gilles,Whines,Male,Filipino,Kharkiv National University,Ukraine
690,Sibyl,Dosdale,Female,Creek,Politeknik Negeri Bandung,Indonesia
691,Mildrid,Brunon,Female,Chickasaw,Hunan Normal University,China
692,Sonja,Paolino,Female,Shoshone,Université de Ngaoundéré,Cameroon
693,Rowen,Bassil,Male,Kiowa,Universitas Islam Nusantara,Indonesia
694,Briney,Dilliway,Female,Apache,Beijing Forestry University,China
695,Zolly,Stollwerck,Male,Comanche,Central Mindanao University,Philippines
696,Trevar,Fryd,Male,Vietnamese,Universidade Federal Rural de Pernambuco,Brazil
697,Crosby,Wille,Male,Alaskan Athabascan,Universidad Católica de Córdoba,Argentina
698,Tansy,Covotti,Female,American Indian and Alaska Native (AIAN),Shenyang Polytechnic University,China
699,Jameson,Early,Agender,Pueblo,Mindanao State University,Philippines
700,Jonah,Petrozzi,Male,American Indian and Alaska Native (AIAN),Faculdade Integradas do Ceará,Brazil
701,Tobe,Jarrel,Agender,Apache,Royal College of Physicians of Ireland,Ireland
702,Hobey,Benton,Male,Fijian,Universidad Mariana,Colombia
703,Kim,Forrestor,Male,Chippewa,University of Northern Philippines,Philippines
704,Gal,Robiot,Male,Blackfeet,Xiangtan Normal University,China
705,Haze,Esh,Male,Micronesian,"University of Northern Virginia, Prague Campus",Czech Republic
706,Ibrahim,Harvey,Male,Hmong,Inner Mongolia Polytechnic University,China
707,Minor,McTrustrie,Male,Taiwanese,Our Lady of Fatima University,Philippines
708,Daffie,Wabey,Female,Aleut,Ecole Nationale Supérieure des Arts et Industries de Strasbourg,France
709,Consuelo,Reoch,Female,Fijian,Politeknik Negeri Semarang,Indonesia
710,Nolana,McGrowther,Female,Ottawa,Universidad Nacional Autónoma de Honduras,Honduras
711,Izaak,Orme,Male,Sri Lankan,Universidad Nacional Agraria La Molina,Peru
712,Andrei,Hedin,Female,Nicaraguan,Sebatian Kolowa University College,Tanzania
713,Alvie,Allbut,Male,Hmong,Academy of Economics in Katowice,Poland
714,Gwyn,Cheasman,Female,Uruguayan,Universidad Atlantida Argentina,Argentina
715,Zechariah,Janczewski,Male,Nicaraguan,University of the City of Manila,Philippines
716,Zara,Halkyard,Female,Blackfeet,University of Maribor,Slovenia
717,Maison,Helling,Male,Samoan,Athens Laboratory of Business Administration (ALBA),Greece
718,Renata,Van Oort,Female,Guatemalan,Universidad de Ciencias Empresariales y Sociales,Argentina
719,Marlie,Bentjens,Female,Korean,Universidad Autónoma de Coahuila,Mexico
720,Agata,Jankowski,Female,Filipino,Escuela Agricola Panamericana Zamorano,Honduras
721,Walden,Tarbatt,Male,White,University of Economics Prague,Czech Republic
722,Dora,Schreiner,Female,Central American,Universidad de Guadalajara,Mexico
723,Nisse,Kaysor,Female,Yuman,Carnegie Mellon University,United States
724,Emlynn,Dybald,Female,Kiowa,Ocean University of China,China
725,Frederick,O'Currane,Agender,Panamanian,National University of Ireland,Ireland
726,Darn,Faulkner,Male,Bangladeshi,Sibelius Academy,Finland
727,Ezri,Sabin,Male,Osage,Kasem Bundit University,Thailand
728,Penelope,Redwood,Female,Aleut,Universitas 17 Agustus 1945 Cirebon,Indonesia
729,Janina,Mahoney,Female,Tohono O'Odham,Universidad Latinoamericana de Ciencia y Tecnología,Costa Rica
730,Shellie,Habron,Female,Nicaraguan,Universidade da Beira Interior,Portugal
731,Cecil,Gremane,Male,Vietnamese,Shanghai Institue of Foreign Trade,China
732,Guenevere,Grabiec,Female,Tlingit-Haida,Universitas Mulawarman,Indonesia
733,Derward,Khrishtafovich,Genderqueer,Venezuelan,Universidade de Tocantins,Brazil
734,Steffie,Dove,Genderqueer,Vietnamese,"University of the West Indies, Cave Hill",Barbados
735,Rhodia,Gregon,Female,Shoshone,Universidad de Morón,Argentina
736,Thomasina,Proven,Female,Osage,Mehrabyan Medical Institute and Medical College,Armenia
737,Reggie,Bentall,Female,Native Hawaiian and Other Pacific Islander (NHPI),Universitas Katolik Parahyangan,Indonesia
738,Alan,Downing,Genderfluid,American Indian,Université Paul Sabatier (Toulouse III),France
739,Niki,Folan,Female,Chilean,Nanjing University of Science and Technology,China
740,Stormy,Rhodef,Female,Micronesian,Academy of Sports and Physical Training,Albania
741,Gregoor,Cundict,Male,Delaware,Nanjing Medical University,China
742,Elva,Linsay,Female,Paiute,"Bourgas University ""Prof. Assen Zlatarov""",Bulgaria
743,Shel,Sudworth,Female,Tohono O'Odham,"Universidad CAECE, Buenos Aires",Argentina
744,Marty,Clewley,Male,Yakama,Tianjin University,China
745,Dal,Pegg,Male,Micronesian,"Donghua University, Shanghai",China
746,Rebe,Sedcole,Female,Ottawa,Université des Montagnes,Cameroon
747,Vicki,Pilley,Female,Cambodian,Jiangxi University of Finance and Economics,China
748,Cal,Witherbed,Female,Alaska Native,Dublin Institute of Technology,Ireland
749,Arron,Juschke,Male,Costa Rican,Universitas Madura,Indonesia
750,Davide,Cuxson,Male,Bolivian,Bulacan State University,Philippines
751,Gilemette,Gritten,Genderqueer,Chippewa,Northwest University Xi'an,China
752,Alli,Schimmang,Female,Costa Rican,Universitas Katolik Widya Karya,Indonesia
753,Rosalind,Stearns,Female,Tongan,Philippine Military Academy,Philippines
754,Cammie,Lesmonde,Female,Chilean,Université Gamal Abdel Nasser de Conakry,Guinea
755,Tammara,Knellen,Female,Asian Indian,International University of Novi Pazar,Serbia
756,Saxon,Calcutt,Male,Crow,Inner Mongolia Polytechnic University,China
757,Fin,Proppers,Male,Cheyenne,Jiangxi University of Finance and Economics,China
758,Cristi,Hadwick,Female,Ottawa,Université de Corse Pascal Paoli,France
759,Cary,Gerbi,Male,Latin American Indian,"University College of Arts, Crafts and Design",Sweden
760,Querida,Coggeshall,Female,Chamorro,"Rajamangala University of Technology, Phra Nakhon",Thailand
761,Issiah,Elwell,Male,Blackfeet,Université Épiscopale d'Haiti,Haiti
762,Bliss,Manoelli,Female,Pima,Universidad Peruana de Ciencias e Informática,Peru
763,Karry,Benmore,Female,Nicaraguan,Universitas Muhammadiyah Malang,Indonesia
764,Dido,Reboulet,Female,Cambodian,Yunnan University,China
765,Alfy,Lesper,Male,Pima,Toho University,Japan
766,Sandy,Shynn,Female,Iroquois,University of Eastern Philippines,Philippines
767,Flynn,Bootman,Male,Dominican (Dominican Republic),Universitas Bojonegoro,Indonesia
768,Jamil,Purnell,Male,Cheyenne,Henan Normal University,China
769,Morty,Streets,Male,Thai,Universitas Bung Hatta,Indonesia
770,Malchy,Neligan,Male,Lumbee,Shanghai City College,China
771,Cart,Trueman,Male,Samoan,National Technical University of Athens,Greece
772,Myrah,Acock,Female,Osage,University of Pardubice,Czech Republic
773,Fraze,Hurtado,Male,Shoshone,Magnitogorsk State University,Russia
774,Sophey,Tyndall,Female,Cherokee,American University of Central Asia,Kyrgyzstan
775,Nelle,Bapty,Female,Micronesian,Universidade Estadual do Piauí,Brazil
776,Fallon,Cumine,Female,Ottawa,Shukutoku University,Japan
777,Dwight,Miko,Male,Lumbee,Odessa National Maritime Academy,Ukraine
778,Berkeley,Croisdall,Male,Apache,Copperbelt University,Zambia
779,Penny,Trengove,Male,Black or African American,Dalian University,China
780,Emmanuel,Eberts,Male,Polynesian,University of Veterinary & Animal Science,Pakistan
781,Theresa,Tuite,Female,Paraguayan,Shannon College of Hotel Management,Ireland
782,Salomone,Phelipeaux,Male,Native Hawaiian,University of Ioannina,Greece
783,Isidore,Cater,Male,Ottawa,Universitas 17 Agustus 1945 Banyuwangi,Indonesia
784,Robert,Margerrison,Male,Creek,Universidade da Madeira,Portugal
785,Cy,Georgelin,Male,Tlingit-Haida,Donetsk National Technical University,Ukraine
786,Maryanne,Abrahams,Female,Dominican (Dominican Republic),Higher School o Business/National Louis University(WSB/NLU) in Nowy Sacz,Poland
787,Wiatt,Varndell,Male,Osage,Holy Angel University,Philippines
788,Katusha,Mathonnet,Female,Cuban,Pedagogical University of Zielona Gora,Poland
789,Fidole,Filson,Male,Bolivian,Vongchavalitkul University,Thailand
790,Dario,Grandison,Male,Venezuelan,Instituto Superior de Ciências do Trabalho e da Empresa,Portugal
791,Aleksandr,Gasquoine,Male,Alaskan Athabascan,Universitas Negeri Medan,Indonesia
792,Adriana,Doull,Female,Cree,Vitebsk State Medical University,Belarus
793,Siusan,De Lacey,Bigender,Menominee,Universidad Pedagógica Experimental Libertador,Venezuela
794,Ettie,Broader,Female,Argentinian,Universidad Nacional de Santa - Chimbote,Peru
795,Haleigh,Barneveld,Male,Japanese,Tomas Bata University in Zlin,Czech Republic
796,Jorge,Pieracci,Male,Japanese,Xi'an International Studies University,China
797,Domenic,Haggath,Male,Malaysian,Wuhan University of Hydraulic and Electric Engineering,China
798,Elwood,Connechy,Male,Argentinian,Universidade Portucalense Infante D. Henrique,Portugal
799,Elaine,Birdis,Female,Cambodian,Beijing University of Agriculture,China
800,Ladonna,Fielding,Female,Native Hawaiian,Instituto Superior Politécnico Gaya,Portugal
801,Kristyn,Dabernott,Female,Puerto Rican,Universidad Rural de Guatemala,Guatemala
802,Caralie,Casburn,Female,Filipino,National Technical University of Athens,Greece
803,Tull,Raffin,Male,Ottawa,Zhongshan University,China
804,Salomone,Veel,Male,Ute,Universidad Nacional de Tres de Febrero,Argentina
805,Cynthie,Dearlove,Polygender,Chickasaw,Xijiang University,China
806,Dieter,Lockey,Male,Paraguayan,Bayero University Kano,Nigeria
807,Matthaeus,Grastye,Male,Filipino,Universidad EAFIT,Colombia
808,Paul,Paradin,Male,Pakistani,National University of Laos,Laos
809,Desdemona,Starling,Female,Native Hawaiian and Other Pacific Islander (NHPI),Universidade de Pernambuco,Brazil
810,Jodie,Lainton,Male,Cherokee,"Physical Education Academy ""Jozef Pilsudski"" in Warsaw",Poland
811,Perceval,Wildbore,Male,Apache,Ural State Technical University,Russia
812,Gerda,Amer,Female,Paraguayan,Université de Douala,Cameroon
813,Rene,Rosenfield,Female,Colombian,Université Louis Pasteur (Strasbourg I),France
814,Gaston,Jaggar,Male,Tohono O'Odham,Silesian Academy of Medicine in Katowice,Poland
815,Shep,Maddison,Male,Black or African American,Universidad del Valle de Puebla,Mexico
816,Constantino,Allsobrook,Male,Taiwanese,Umea University,Sweden
817,Sada,Budnik,Female,Melanesian,Aktau State University,Kazakhstan
818,Hermie,Kornyshev,Male,American Indian and Alaska Native (AIAN),Faculdades Integradas do Brasil - UNIBRASIL,Brazil
819,Bennie,Moulden,Female,Paraguayan,I.M. Sechenov Moscow Medical Academy,Russia
820,Giffard,Birtwisle,Male,Comanche,Instituto Superior Novas Profissões - INP,Portugal
821,Giselle,Arblaster,Female,Asian,Universidad Nacional de Quilmes,Argentina
822,Anna-diane,Kalewe,Female,American Indian,Academy of the Ministry of Internal Affairs of the Republic of Belarus,Belarus
823,Leona,Dowker,Female,Argentinian,Universidad Autónoma de Nayarit,Mexico
824,Steffane,Gurney,Female,Chippewa,Universitas Gajayana Malang,Indonesia
825,Adamo,Guillond,Male,White,Universidad de Nariño,Colombia
826,Tom,Erwin,Male,Malaysian,Volgograd State Pedagogical University,Russia
827,Sascha,Lorkin,Female,Thai,Higher School of Economics,Russia
828,Erskine,Garbett,Male,Comanche,Karolinska Institute Stockholm,Sweden
829,Ferguson,Pache,Male,Panamanian,"Universidad Pedagógica ""José Martí"", Camagüey",Cuba
830,Milissent,Gater,Polygender,Ottawa,Universidade Tecnica de Lisboa,Portugal
831,Cosmo,Blencowe,Genderfluid,Native Hawaiian and Other Pacific Islander (NHPI),Universidade da Madeira,Portugal
832,Angelia,Mitchinson,Female,Ute,Universitas Gajayana Malang,Indonesia
833,Timothee,Tommasi,Male,Asian Indian,Debre Markos University,Ethiopia
834,Erna,Fisk,Female,Sri Lankan,Guangzhou University of Traditional Chinese Medicine,China
835,Morie,Ellerbeck,Male,Central American,Selkirk College,Canada
836,Jade,Vasilyev,Female,Cuban,Ural State Academy of Law,Russia
837,Shara,Turpin,Female,Samoan,Universidade da Madeira,Portugal
838,Vitia,McLarens,Genderqueer,Latin American Indian,Henan Agriculture University,China
839,Smitty,Abbay,Male,Crow,Akademia Podlaska,Poland
840,Erie,Engley,Male,Ute,Göteborg University,Sweden
841,Latrena,Mace,Female,Apache,Universidade do Extremo Sul Catarinense,Brazil
842,Sloane,Plumm,Male,Native Hawaiian and Other Pacific Islander (NHPI),Universitas Widyatama,Indonesia
843,Shalne,McCourtie,Genderqueer,Ottawa,Józef Tyszkiewicz College of Business and Computer Science in Bielsko-Biala,Poland
844,Pascal,Avent,Bigender,Venezuelan,University of Cyprus,Cyprus
845,Nert,Badrock,Female,Seminole,Prague College,Czech Republic
846,Owen,Pounds,Male,Choctaw,University Marien Ngouabi Brazzaville,Republic of the Congo
847,Curtis,Bines,Male,Seminole,Osaka Women's University,Japan
848,Idelle,Stonestreet,Female,Guatemalan,University of Tirana,Albania
849,Liv,Halewood,Female,Paiute,Columbus University,Panama
850,Mei,Ewbach,Female,Menominee,Universidad Católica Santa María La Antigua,Panama
851,Goddart,Rackstraw,Male,South American,Loras College,United States
852,Silvan,Ferrar,Genderqueer,Asian,University of Gdansk,Poland
853,Carmelina,Tilt,Bigender,Thai,Universitas Jember,Indonesia
854,Krystyna,Rubie,Female,Latin American Indian,Universidad Católica Madre y Maestra,Dominican Republic
855,Zelda,Dunbar,Female,Pima,NHL University of Applied Sciences,Netherlands
856,Dollie,Brazenor,Female,Paraguayan,Pomeranian Academy of Medicine in Szczecin,Poland
857,Briny,Sponer,Female,Menominee,"Fine Arts Academy ""Jan Matejko"" in Cracow",Poland
858,Merrily,Lambourn,Female,Chickasaw,Universidade Aberta Lisboa,Portugal
859,Madeleine,Klisch,Female,Filipino,Faculdade Italo Brasileira,Brazil
860,Craig,Yeskov,Male,Puerto Rican,American College of Greece,Greece
861,Shelly,Atter,Agender,Central American,Instituto Politécnico de Tomar,Portugal
862,Tamera,Tow,Female,Choctaw,Louisiana State University Health Sciences Center New Orleans,United States
863,Gibb,Yellop,Male,Polynesian,Universitas Pancasakti Tegal,Indonesia
864,Talbot,Hindmoor,Male,Seminole,Universitas Yarsi,Indonesia
865,Brana,Iredale,Female,Guatemalan,Université de Corse Pascal Paoli,France
866,Davis,Cuffley,Male,Potawatomi,National University,Philippines
867,Melisa,Hawken,Female,Central American,Asian Medical Institute,Kyrgyzstan
868,Corby,Rawlingson,Male,Japanese,Wuhan Technical University of Surveying and Mapping,China
869,Ravid,Chartres,Male,Dominican (Dominican Republic),National University of Ostroh Academy,Ukraine
870,Clarette,Minister,Female,Tohono O'Odham,Universitas Kristen Indonesia Tomohon,Indonesia
871,Ignacius,Betje,Male,Yakama,"University for Information Science and Technology  ""St. Paul The Apostle"" ",Macedonia
872,William,Kernaghan,Male,Spaniard,Nanjing Medical University,China
873,Otto,Flintoffe,Male,Cherokee,Universidade de Ribeirão Preto,Brazil
874,Rochella,Laslett,Female,Native Hawaiian and Other Pacific Islander (NHPI),Universidad Nacional Agraria,Nicaragua
875,Sherye,Conybear,Female,Bangladeshi,Henan Buddhist College,China
876,Lazare,Mozzetti,Male,Yaqui,St. Petersburg State University of Culture and Arts,Russia
877,Nora,Vatcher,Female,Lumbee,University of Silesia,Poland
878,Keelia,Reimers,Female,Kiowa,Thammasat University,Thailand
879,Ally,Ciubutaro,Female,Chilean,Hanoi University of Civil Engineering,Vietnam
880,Yancey,Anthoney,Male,Chippewa,Stockholm University,Sweden
881,Jordain,Hubach,Female,Chamorro,Brno University of Technology,Czech Republic
882,Josiah,Langton,Male,Korean,Central South University,China
883,Karisa,Mandell,Female,Guamanian,Harbin Institute of Technology,China
884,Enoch,Camoletto,Male,Black or African American,Kherson State University,Ukraine
885,Rebecca,Whitter,Female,Native Hawaiian and Other Pacific Islander (NHPI),Universidade Portucalense Infante D. Henrique,Portugal
886,Tamma,Wardhough,Bigender,Pakistani,Moscow State Institute of Steel and Alloys,Russia
887,Marabel,Gostall,Female,Alaskan Athabascan,Xiangtan Normal University,China
888,Amalia,Habbijam,Female,Shoshone,Universidade Estadual do Maranhão,Brazil
889,Jeanna,Heskins,Female,Thai,Urumqi Vocational University,China
890,Shelba,Suddaby,Polygender,Spaniard,Central Philippine University,Philippines
891,Mariquilla,Rowcliffe,Female,Japanese,China USA Business University,China
892,Wat,Mutimer,Polygender,Polynesian,Universitas 17 Agustus 1945 Semarang,Indonesia
893,Deanne,Handman,Female,Panamanian,Universidade de Guarulhos,Brazil
894,Alidia,Heyns,Female,Guatemalan,Universidade Lusiada,Portugal
895,Jordon,MacAskie,Male,Seminole,Tokyo University,Japan
896,Radcliffe,Koubek,Male,Malaysian,International University Institute of Luxembourg,Luxembourg
897,Andie,Bartolic,Female,Panamanian,Universidad Popular del Cesar,Colombia
898,Diana,McDade,Female,Tongan,Inner Mongolia Agricultural University,China
899,Chrotoem,Micheu,Male,Native Hawaiian,National Agricultural University,Ukraine
900,Deeyn,Ivanichev,Female,Salvadoran,Universidade Estadual do Norte Fluminense,Brazil
901,Kelli,Dwane,Female,Costa Rican,Eurasian Institute of market,Kazakhstan
902,Darrin,Veighey,Male,Cambodian,Anhui University of Traditional Chinese Medicine,China
903,Jasen,Brownlee,Male,Kiowa,NED University of Engineering and Technology Karachi,Pakistan
904,Chrystal,Sparhawk,Female,Laotian,Universidad Peruana de Ciencias e Informática,Peru
905,Malcolm,Beernt,Male,Iroquois,Universitas Putera Batam,Indonesia
906,Sonni,Bruntjen,Female,Taiwanese,Universitas Simalungun,Indonesia
907,Alvira,Vurley,Female,Native Hawaiian and Other Pacific Islander (NHPI),Universidad Marcelino Champagnat,Peru
908,Eddy,Hackinge,Female,Shoshone,Virtual University of Pakistan,Pakistan
909,Jeffy,Piers,Male,Crow,Zia-ud-Din Medical University,Pakistan
910,Jolene,Speeding,Female,Menominee,Osaka University of Health and Sport Sciences,Japan
911,Lemmie,Logg,Male,Comanche,Ecole Nationale Supérieure de Physique de Grenoble,France
912,Arlinda,Bracken,Polygender,Cuban,Universitas Trisakti,Indonesia
913,Kerry,Weekland,Female,Seminole,The Global College Lahore,Pakistan
914,Moshe,Blackstock,Male,Asian,Ludong University,China
915,Henrik,Canto,Male,Ecuadorian,National University of Laos,Laos
916,Karalynn,Liggens,Female,American Indian,Universidade de Itaúna,Brazil
917,Eamon,Awmack,Male,Sioux,National Taras Shevchenko University of Kiev,Ukraine
918,Haroun,Gwilliam,Male,Tongan,Tambov State Technical University,Russia
919,Upton,McCudden,Male,Asian,University of New York Tirana,Albania
920,Temple,MacNeill,Male,Honduran,Universitas Methodist Indonesia,Indonesia
921,Ara,Waycott,Non-binary,Filipino,University of Ostrava,Czech Republic
922,Ingrid,Eveque,Female,Tongan,University of San Jose Recoletos,Philippines
923,Berti,Ivankin,Female,Black or African American,China University of Mining Technology - Beijing,China
924,Anne-corinne,Murrow,Female,Shoshone,Université de Bamako,Mali
925,Domini,Birts,Female,Paiute,Cardinal Stefan Wyszynski University in Warsaw,Poland
926,Fidelia,Broe,Female,Japanese,State Pedagogical University in Kryvyi Rih,Ukraine
927,Gerianna,Ruthen,Female,Choctaw,Jimei University,China
928,Curcio,Aubury,Male,Ute,South China University of Technology,China
929,Hannie,Woolam,Female,Seminole,Tokyo National University of Fine Arts and Music,Japan
930,Colleen,Gallichiccio,Female,Costa Rican,Women's University in Africa,Zimbabwe
931,Michaeline,Le Noire,Female,Melanesian,Royal Veterinary and Agricultural University,Denmark
932,Lida,Staynes,Female,Fijian,Universidad Monteávila,Venezuela
933,Lotty,Shucksmith,Non-binary,South American,Our Lady of Fatima University,Philippines
934,Avril,Hendrickson,Genderfluid,American Indian and Alaska Native (AIAN),New Era University,Philippines
935,Shaun,Jacquemot,Female,Spaniard,Smolensk Humanitarian University,Russia
936,Lester,Heads,Agender,Yakama,Far Eastern University,Philippines
937,Zorina,Cuttle,Female,Fijian,Varna Free University,Bulgaria
938,Chelsae,Cawood,Female,Samoan,Universitas Pekalongan,Indonesia
939,Effie,Gopsill,Female,Hmong,Shanghai Business School,China
940,Anni,Stinton,Female,Argentinian,Adventist University of the Philippines,Philippines
941,Foss,Renols,Male,Filipino,Shanxi Agricultural University,China
942,Doll,Vanyukhin,Female,Melanesian,Northern Caribbean University,Jamaica
943,Cyndi,Clewett,Polygender,Bolivian,Universidade do Minho,Portugal
944,Chrisse,Dudgeon,Male,Alaskan Athabascan,East China Normal University,British Virgin Islands
945,Bryce,Kobus,Male,Peruvian,"Université du Sud, Toulon et Var",France
946,Marjorie,Feaveryear,Polygender,Panamanian,Universitas Muhammadiyah Makassar,Indonesia
947,Karee,Bruckental,Female,Menominee,Shanghai Sanda University,China
948,Seward,Shevels,Male,Aleut,Instituto Politécnico de Santarém,Portugal
949,Mada,Richardet,Female,Cheyenne,Al-hikmah University,Nigeria
950,Myron,Roberds,Male,Chilean,National Medical University O.O. Bogomolets,Ukraine
951,Dorice,Linkleter,Female,Taiwanese,Abfi Institute Perbanas Jakarta,Indonesia
952,Brigitta,Charity,Agender,Taiwanese,Ross University Caribbean School of Veterinary Medicine,Saint Kitts and Nevis
953,Shawnee,Rheam,Female,Filipino,Universitas Kristen Indonesia Tomohon,Indonesia
954,Marv,Guppie,Male,Dominican (Dominican Republic),Ecole Nationale Vétérinaire de Lyon,France
955,Costanza,De la Eglise,Genderqueer,Polynesian,Silesian University,Czech Republic
956,Peg,Davenport,Genderqueer,Melanesian,University of Auckland,New Zealand
957,Mord,Pollington,Male,Ottawa,Université des Antilles et de la Guyane,Guadeloupe
958,Eleanora,Gerler,Female,Navajo,Bashkir State University,Russia
959,Petunia,Meatyard,Female,Creek,"National University of Ireland, Maynooth",Ireland
960,Luella,Jorden,Female,Black or African American,National Technical University of Athens,Greece
961,Ralina,Lalevee,Female,Uruguayan,Universitas Jambi,Indonesia
962,Nana,Chaves,Female,Thai,Hebron University,Palestinian Territory
963,Amos,Battin,Male,Black or African American,Makerere University,Uganda
964,Fabiano,Muzzall,Male,Native Hawaiian and Other Pacific Islander (NHPI),Institut Commercial de Nancy,France
965,Shelden,Heinschke,Male,Tlingit-Haida,Pangasinan State University,Philippines
966,Regan,Gilbey,Female,Filipino,American University of Paris,France
967,Doralia,Orrocks,Female,Salvadoran,Katholische Fachhochschule Mainz,Germany
968,Giacopo,Whooley,Male,Navajo,University of Mauritius,Mauritius
969,Sebastiano,Turban,Male,Chilean,Shaanxi Normal University,China
970,Felipa,Chasen,Female,Potawatomi,Ebonyi State University,Nigeria
971,Tybalt,Marcum,Male,Vietnamese,Riga Aviation University,Latvia
972,Tiertza,Willford,Female,Pima,Universidade Gama Filho,Brazil
973,Honey,Scotchbourouge,Female,Vietnamese,Sookmyung Women's University,South Korea
974,Jimmie,Pitcaithly,Male,Yakama,Universidade Lusófona de Humanidades e Technologias,Portugal
975,Roosevelt,Skey,Male,Nicaraguan,University of Goroka,Papua New Guinea
976,Calla,Grzegorczyk,Female,Lumbee,Hebei University of Technology,China
977,Thurstan,Taffie,Male,Melanesian,Universidade do Rio Grande,Brazil
978,Steve,Tylor,Genderfluid,Chilean,Changsha University of Electric Power,China
979,Lorry,Dunkirk,Male,Cherokee,Renmin University of China,China
980,Roby,McGregor,Female,Cherokee,Sarajevo Film Academy,Bosnia and Herzegovina
981,Shanna,Newling,Female,Spaniard,Universidade dos Acores,Portugal
982,Helen,Trevance,Female,Cherokee,Universitas Katolik Widya Karya,Indonesia
983,Marys,Killgus,Agender,Black or African American,Universidade Federal de Pelotas,Brazil
984,Anstice,Dewar,Female,Chinese,Yanbian University,China
985,Herbert,Rosi,Male,American Indian and Alaska Native (AIAN),Universidade Atlântica,Portugal
986,Saidee,Le Friec,Female,Cherokee,Satakunta University Of Applied Scinces,Finland
987,Bibby,Clue,Non-binary,Native Hawaiian and Other Pacific Islander (NHPI),Panzhihua University,China
988,Augustus,Woodlands,Male,Micronesian,University of Technology Jamaica,Jamaica
989,Franciskus,Dunlap,Male,Ute,Tarlac State University,Philippines
990,Taber,Nerger,Male,Cree,Université de la Polynésie Française,French Polynesia
991,Giselbert,Paynton,Male,Japanese,Divine Word University,Papua New Guinea
992,Damiano,Bayliss,Polygender,Black or African American,University of Geneva,Switzerland
993,Lynnelle,Eshelby,Female,Lumbee,Rizal Technological University,Philippines
994,Fredek,Peret,Male,Central American,Kurgan International University,Russia
995,Basil,Dowzell,Male,Delaware,Université Abdou Moumouni de Niamey,Niger
996,Felice,Spring,Male,Cheyenne,St.Kliment Ohridski University,Macedonia
997,Ethel,Catherine,Female,Samoan,Jiangxi Normal University,China
998,Aluino,Wettern,Male,Shoshone,Dongbei University of Finance And Economics,China
999,Ardenia,Barajas,Female,Laotian,St.Kliment Ohridski University,Macedonia
1000,Brandon,Twelve,Male,Chilean,Nanjing Forestry University,China
